{
    "icoord": [
        [
            15.0,
            15.0,
            25.0,
            25.0
        ],
        [
            5.0,
            5.0,
            20.0,
            20.0
        ],
        [
            55.0,
            55.0,
            65.0,
            65.0
        ],
        [
            45.0,
            45.0,
            60.0,
            60.0
        ],
        [
            35.0,
            35.0,
            52.5,
            52.5
        ],
        [
            12.5,
            12.5,
            43.75,
            43.75
        ]
    ],
    "dcoord": [
        [
            0.0,
            0.49511620699678394,
            0.49511620699678394,
            0.0
        ],
        [
            0.0,
            0.7447447539137407,
            0.7447447539137407,
            0.49511620699678394
        ],
        [
            0.0,
            0.6711565404087352,
            0.6711565404087352,
            0.0
        ],
        [
            0.0,
            0.9266187358325044,
            0.9266187358325044,
            0.6711565404087352
        ],
        [
            0.0,
            1.1953013480112302,
            1.1953013480112302,
            0.9266187358325044
        ],
        [
            0.7447447539137407,
            1.7673508544318128,
            1.7673508544318128,
            1.1953013480112302
        ]
    ],
    "ivl": [
        "interneurons",
        "pyramidal CA1",
        "pyramidal SS",
        "oligodendrocytes",
        "astrocytes_ependymal",
        "endothelial-mural",
        "microglia"
    ],
    "leaves": [
        2,
        5,
        6,
        4,
        0,
        1,
        3
    ],
    "color_list": [
        "C1",
        "C1",
        "C2",
        "C2",
        "C2",
        "C0"
    ],
    "leaves_color_list": [
        "C1",
        "C1",
        "C1",
        "C2",
        "C2",
        "C2",
        "C2"
    ]
}